[
    {
        "id": "101",
        "name": "Wheat",
        "description": "A staple crop used to make bread and other food products.",
        "default_price": 3,
        "type": "Essentials",
        "stack_number": 100
    },
    {
        "id": "102",
        "name": "Iron Hoe",
        "description": "A basic farming tool used to till the soil.",
        "default_price": 80,
        "type": "Tools",
        "stack_number": 10
    },
    {
        "id": "103",
        "name": "Wood",
        "description": "A versatile material used for building and crafting.",
        "default_price": 12,
        "type": "Materials",
        "stack_number": 500
    },
    {
        "id": "104",
        "name": "Sheep Wool",
        "description": "Wool obtained from sheep, used in making clothes and textiles.",
        "default_price": 15,
        "type": "Materials",
        "stack_number": 100
    },
    {
        "id": "105",
        "name": "Clay Pot",
        "description": "A simple clay pot used for storing grains and liquids.",
        "default_price": 18,
        "type": "Goods",
        "stack_number": 50
    },
    {
        "id": "106",
        "name": "Gold Necklace",
        "description": "A luxurious gold necklace adorned with precious gems.",
        "default_price": 1000,
        "type": "Luxury",
        "stack_number": 1
    },
    {
        "id": "107",
        "name": "Painting",
        "description": "A beautiful piece of art created by a famous artist.",
        "default_price": 450,
        "type": "Arts",
        "stack_number": 5
    },
    {
        "id": "108",
        "name": "Iron Sword",
        "description": "A sturdy sword forged from iron, used for combat.",
        "default_price": 120,
        "type": "Tools",
        "stack_number": 10
    },
    {
        "id": "109",
        "name": "Silk Fabric",
        "description": "Luxurious fabric made from silk, used in high-end clothing.",
        "default_price": 250,
        "type": "Luxury",
        "stack_number": 20
    },
    {
        "id": "110",
        "name": "Stone Block",
        "description": "A solid block of stone used for construction.",
        "default_price": 25,
        "type": "Materials",
        "stack_number": 100
    },
    {
        "id": "111",
        "name": "Apple",
        "description": "A fresh and healthy fruit.",
        "default_price": 8,
        "type": "Essentials",
        "stack_number": 200
    },
    {
        "id": "112",
        "name": "Leather Boots",
        "description": "Boots made of durable leather for protection.",
        "default_price": 60,
        "type": "Goods",
        "stack_number": 50
    },
    {
        "id": "113",
        "name": "Iron Ingots",
        "description": "Refined iron ready for crafting and forging.",
        "default_price": 40,
        "type": "Materials",
        "stack_number": 200
    },
    {
        "id": "114",
        "name": "Wool Blanket",
        "description": "A cozy blanket made from sheep wool.",
        "default_price": 25,
        "type": "Goods",
        "stack_number": 25
    },
    {
        "id": "115",
        "name": "Bronze Statue",
        "description": "A detailed bronze statue of historical importance.",
        "default_price": 500,
        "type": "Arts",
        "stack_number": 2
    },
    {
        "id": "116",
        "name": "Leather Armor",
        "description": "Armor made of tough leather for protection in battle.",
        "default_price": 180,
        "type": "Tools",
        "stack_number": 5
    },
    {
        "id": "117",
        "name": "Silk Scarf",
        "description": "A luxurious scarf made from fine silk.",
        "default_price": 90,
        "type": "Luxury",
        "stack_number": 10
    },
    {
        "id": "118",
        "name": "Bread",
        "description": "A staple food made from wheat.",
        "default_price": 10,
        "type": "Essentials",
        "stack_number": 150
    },
    {
        "id": "119",
        "name": "Silver Ring",
        "description": "A fine ring made from silver.",
        "default_price": 300,
        "type": "Luxury",
        "stack_number": 5
    },
    {
        "id": "120",
        "name": "Fishing Rod",
        "description": "A simple tool for catching fish.",
        "default_price": 70,
        "type": "Tools",
        "stack_number": 15
    },
    {
        "id": "121",
        "name": "Copper Ore",
        "description": "Raw copper ore ready for smelting.",
        "default_price": 15,
        "type": "Materials",
        "stack_number": 300
    },
    {
        "id": "122",
        "name": "Iron Nails",
        "description": "Nails made from iron, used in construction.",
        "default_price": 5,
        "type": "Materials",
        "stack_number": 1000
    },
    {
        "id": "123",
        "name": "Glass Vase",
        "description": "A delicate vase made from glass.",
        "default_price": 45,
        "type": "Goods",
        "stack_number": 20
    },
    {
        "id": "124",
        "name": "Silver Bracelet",
        "description": "A beautiful silver bracelet with intricate designs.",
        "default_price": 320,
        "type": "Luxury",
        "stack_number": 5
    },
    {
        "id": "125",
        "name": "Marble Sculpture",
        "description": "A finely crafted marble sculpture.",
        "default_price": 950,
        "type": "Arts",
        "stack_number": 2
    },
    {
        "id": "126",
        "name": "Pottery Set",
        "description": "A set of handcrafted pottery pieces.",
        "default_price": 35,
        "type": "Goods",
        "stack_number": 10
    },
    {
        "id": "127",
        "name": "Tea Leaves",
        "description": "Freshly harvested tea leaves for brewing.",
        "default_price": 7,
        "type": "Essentials",
        "stack_number": 100
    },
    {
        "id": "128",
        "name": "Bronze Shield",
        "description": "A shield made from bronze, used for protection in battle.",
        "default_price": 230,
        "type": "Tools",
        "stack_number": 8
    },
    {
        "id": "129",
        "name": "Gold Coin",
        "description": "A rare gold coin from an ancient civilization.",
        "default_price": 450,
        "type": "Luxury",
        "stack_number": 50
    },
    {
        "id": "130",
        "name": "Cotton Cloth",
        "description": "Soft cloth made from cotton, used in clothing.",
        "default_price": 12,
        "type": "Materials",
        "stack_number": 500
    },
    {
        "id": "131",
        "name": "Honey",
        "description": "Sweet and natural honey from bees.",
        "default_price": 10,
        "type": "Goods",
        "stack_number": 100
    },
    {
        "id": "132",
        "name": "Iron Pickaxe",
        "description": "A sturdy pickaxe used for mining.",
        "default_price": 140,
        "type": "Tools",
        "stack_number": 10
    },
    {
        "id": "133",
        "name": "Cheese",
        "description": "A delicious dairy product made from milk.",
        "default_price": 12,
        "type": "Essentials",
        "stack_number": 100
    },
    {
        "id": "134",
        "name": "Grapes",
        "description": "Freshly picked grapes, used for making wine and juice.",
        "default_price": 8,
        "type": "Essentials",
        "stack_number": 200
    },
    {
        "id": "135",
        "name": "Carrot",
        "description": "A crunchy vegetable packed with nutrients.",
        "default_price": 7,
        "type": "Essentials",
        "stack_number": 150
    },
    {
        "id": "136",
        "name": "Salt",
        "description": "No one will survive without salt, and purchase make it easier to stay alive.",
        "default_price": 15,
        "type": "Essentials",
        "stack_number": 150
    }
]