[
    {
        "item_id": "1",
        "name": "Wheat",
        "price": 5,
        "amount": 100,
        "not_available_timer": 60.0,
        "data_id": "101",
        "weight": 10
    },
    {
        "item_id": "2",
        "name": "Iron Hoe",
        "price": 80,
        "amount": 5,
        "not_available_timer": 720.0,
        "data_id": "102",
        "weight": 1
    },
    {
        "item_id": "3",
        "name": "Wood",
        "price": 12,
        "amount": 100,
        "not_available_timer": 60.0,
        "data_id": "103",
        "weight": 8
    },
    {
        "item_id": "4",
        "name": "Sheep Wool",
        "price": 15,
        "amount": 100,
        "not_available_timer": 60.0,
        "data_id": "104",
        "weight": 5
    },
    {
        "item_id": "5",
        "name": "Clay Pot",
        "price": 18,
        "amount": 10,
        "not_available_timer": 720.0,
        "data_id": "105",
        "weight": 3
    },
    {
        "item_id": "6",
        "name": "Gold Necklace",
        "price": 1000,
        "amount": 1,
        "not_available_timer": 1440.0,
        "data_id": "106",
        "weight": 0.5
    },
    {
        "item_id": "7",
        "name": "Painting",
        "price": 450,
        "amount": 3,
        "not_available_timer": 1440.0,
        "data_id": "107",
        "weight": 1
    },
    {
        "item_id": "8",
        "name": "Iron Sword",
        "price": 120,
        "amount": 10,
        "not_available_timer": 720.0,
        "data_id": "108",
        "weight": 2
    },
    {
        "item_id": "9",
        "name": "Silk Fabric",
        "price": 250,
        "amount": 20,
        "not_available_timer": 480.0,
        "data_id": "109",
        "weight": 1
    },
    {
        "item_id": "10",
        "name": "Stone Block",
        "price": 25,
        "amount": 100,
        "not_available_timer": 60.0,
        "data_id": "110",
        "weight": 4
    },
    {
        "item_id": "11",
        "name": "Apple",
        "price": 8,
        "amount": 200,
        "not_available_timer": 30.0,
        "data_id": "111",
        "weight": 7
    },
    {
        "item_id": "12",
        "name": "Leather Boots",
        "price": 60,
        "amount": 50,
        "not_available_timer": 720.0,
        "data_id": "112",
        "weight": 3
    },
    {
        "item_id": "13",
        "name": "Iron Ingots",
        "price": 40,
        "amount": 50,
        "not_available_timer": 480.0,
        "data_id": "113",
        "weight": 5
    },
    {
        "item_id": "14",
        "name": "Wool Blanket",
        "price": 25,
        "amount": 25,
        "not_available_timer": 360.0,
        "data_id": "114",
        "weight": 4
    },
    {
        "item_id": "15",
        "name": "Bronze Statue",
        "price": 50,
        "amount": 2,
        "not_available_timer": 1440.0,
        "data_id": "115",
        "weight": 1
    },
    {
        "item_id": "16",
        "name": "Leather Armor",
        "price": 180,
        "amount": 5,
        "not_available_timer": 720.0,
        "data_id": "116",
        "weight": 2
    },
    {
        "item_id": "17",
        "name": "Silk Scarf",
        "price": 90,
        "amount": 2,
        "not_available_timer": 480.0,
        "data_id": "117",
        "weight": 1
    },
    {
        "item_id": "18",
        "name": "Bread",
        "price": 10,
        "amount": 150,
        "not_available_timer": 60.0,
        "data_id": "118",
        "weight": 7
    },
    {
        "item_id": "19",
        "name": "Silver Ring",
        "price": 300,
        "amount": 5,
        "not_available_timer": 1440.0,
        "data_id": "119",
        "weight": 1
    },
    {
        "item_id": "20",
        "name": "Fishing Rod",
        "price": 20,
        "amount": 1,
        "not_available_timer": 360.0,
        "data_id": "120",
        "weight": 3
    },
    {
        "item_id": "21",
        "name": "Copper Ore",
        "price": 15,
        "amount": 20,
        "not_available_timer": 60.0,
        "data_id": "121",
        "weight": 6
    },
    {
        "item_id": "22",
        "name": "Iron Nails",
        "price": 5,
        "amount": 50,
        "not_available_timer": 60.0,
        "data_id": "122",
        "weight": 9
    },
    {
        "item_id": "23",
        "name": "Glass Vase",
        "price": 45,
        "amount": 20,
        "not_available_timer": 720.0,
        "data_id": "123",
        "weight": 3
    },
    {
        "item_id": "24",
        "name": "Silver Bracelet",
        "price": 320,
        "amount": 5,
        "not_available_timer": 1440.0,
        "data_id": "124",
        "weight": 1
    },
    {
        "item_id": "25",
        "name": "Marble Sculpture",
        "price": 950,
        "amount": 2,
        "not_available_timer": 1440.0,
        "data_id": "125",
        "weight": 0.5
    },
    {
        "item_id": "26",
        "name": "Pottery Set",
        "price": 35,
        "amount": 10,
        "not_available_timer": 720.0,
        "data_id": "126",
        "weight": 3
    },
    {
        "item_id": "27",
        "name": "Tea Leaves",
        "price": 7,
        "amount": 100,
        "not_available_timer": 30.0,
        "data_id": "127",
        "weight": 6
    },
    {
        "item_id": "28",
        "name": "Bronze Shield",
        "price": 230,
        "amount": 1,
        "not_available_timer": 720.0,
        "data_id": "128",
        "weight": 2
    },
    {
        "item_id": "29",
        "name": "Gold Coin",
        "price": 650,
        "amount": 50,
        "not_available_timer": 1440.0,
        "data_id": "129",
        "weight": 1
    },
    {
        "item_id": "30",
        "name": "Cotton Cloth",
        "price": 12,
        "amount": 100,
        "not_available_timer": 60.0,
        "data_id": "130",
        "weight": 6
    },
    {
        "item_id": "31",
        "name": "Honey",
        "price": 10,
        "amount": 100,
        "not_available_timer": 30.0,
        "data_id": "131",
        "weight": 7
    },
    {
        "item_id": "32",
        "name": "Iron Pickaxe",
        "price": 140,
        "amount": 10,
        "not_available_timer": 720.0,
        "data_id": "132",
        "weight": 3
    },
    {
        "item_id": "33",
        "name": "Cheese",
        "price": 12,
        "amount": 100,
        "not_available_timer": 30.0,
        "data_id": "133",
        "weight": 6
    },
    {
        "item_id": "34",
        "name": "Grapes",
        "price": 8,
        "amount": 100,
        "not_available_timer": 30.0,
        "data_id": "134",
        "weight": 7
    },
    {
        "item_id": "35",
        "name": "Carrot",
        "price": 7,
        "amount": 150,
        "not_available_timer": 30.0,
        "data_id": "135",
        "weight": 7
    },
    {
        "item_id": "36",
        "name": "Salt",
        "price": 15,
        "amount": 150,
        "not_available_timer": 30.0,
        "data_id": "135",
        "weight": 7
    }
]